{"Draft":"\u001B[35mV5\u001B[0m \u001B[35mV6\u001B[0m \u001B[35mV3\u001B[0m ","Tools":"Martelletto,false,Lathekin,false,Pinza_Sgrossatrice,false,","Public Achievements":"Color_Diagonals,Row_Shade_Variety,Light_Shades,","scheme1":"Player: sasasa!Current Token: 6! \u001B[0m[  ]  \u001B[0m[  ] 1\u001B[0m[  ]  \u001B[0m[  ]  \u001B[0m[  ] !1[\u001B[32mG1\u001B[0m] \u001B[32mG\u001B[0m[  ] 3\u001B[0m[  ] \u001B[34mB\u001B[0m[  ] 2\u001B[0m[  ] !\u001B[34mB\u001B[0m[  ] 5\u001B[0m[  ] 4\u001B[0m[  ] 6\u001B[0m[  ] \u001B[32mG\u001B[0m[  ] ! \u001B[0m[  ] \u001B[34mB\u001B[0m[  ] 5\u001B[0m[  ] \u001B[32mG\u001B[0m[  ]  \u001B[0m[  ] !","numberPlayer":"2","Round track":" is empty","scheme0":"Player: 2!Current Token: 3! [\u001B[35mV2\u001B[0m] 4\u001B[0m[  ]  \u001B[0m[  ] \u001B[33mY\u001B[0m[  ] 6\u001B[0m[  ] !\u001B[31mR\u001B[0m[  ]  \u001B[0m[  ] 2\u001B[0m[  ]  \u001B[0m[  ]  \u001B[0m[  ] ! \u001B[0m[  ]  \u001B[0m[  ] \u001B[31mR\u001B[0m[  ] \u001B[35mV\u001B[0m[  ] 1\u001B[0m[  ] !\u001B[34mB\u001B[0m[  ] \u001B[33mY\u001B[0m[  ]  \u001B[0m[  ]  \u001B[0m[  ]  \u001B[0m[  ] !"}